{
    "name": "root",
    "gauges": {
        "Person.Policy.Entropy.mean": {
            "value": 1.4508287906646729,
            "min": 1.4081040620803833,
            "max": 1.4508287906646729,
            "count": 79
        },
        "Person.Environment.EpisodeLength.mean": {
            "value": 999.0,
            "min": 999.0,
            "max": 999.0,
            "count": 79
        },
        "Person.Policy.ExtrinsicValueEstimate.mean": {
            "value": -0.9971817135810852,
            "min": -1.3690519332885742,
            "max": 0.003378458321094513,
            "count": 79
        },
        "Person.Environment.CumulativeReward.mean": {
            "value": -3.3498788356781004,
            "min": -24.452624464035033,
            "max": 3.4112696290016173,
            "count": 79
        },
        "Person.Policy.ExtrinsicReward.mean": {
            "value": -3.3498788356781004,
            "min": -24.452624464035033,
            "max": 3.4112696290016173,
            "count": 79
        },
        "Person.IsTraining.mean": {
            "value": 1.0,
            "min": 1.0,
            "max": 1.0,
            "count": 79
        },
        "Person.Losses.ValueLoss.mean": {
            "value": 0.4157611131668091,
            "min": 0.11828537285327911,
            "max": 0.7316930890083313,
            "count": 37
        },
        "Person.Losses.PolicyLoss.mean": {
            "value": 0.023197080940008163,
            "min": 0.02176765725016594,
            "max": 0.02860921062529087,
            "count": 37
        },
        "Person.Policy.LearningRate.mean": {
            "value": 6.690008740406483e-05,
            "min": 6.690008740406483e-05,
            "max": 0.0002936999953817576,
            "count": 37
        },
        "Person.Policy.Epsilon.mean": {
            "value": 0.12230002135038376,
            "min": 0.12230002135038376,
            "max": 0.19790004193782806,
            "count": 37
        },
        "Person.Policy.Beta.mean": {
            "value": 0.0002307700488017872,
            "min": 0.0002307700488017872,
            "max": 0.0009792100172489882,
            "count": 37
        }
    },
    "metadata": {
        "timer_format_version": "0.1.0",
        "start_time_seconds": "1602072519",
        "python_version": "3.8.5 (default, Sep  3 2020, 21:29:08) [MSC v.1916 64 bit (AMD64)]",
        "command_line_arguments": "C:\\Users\\geovic\\anaconda3\\envs\\unity\\Scripts\\mlagents-learn Basic.yaml --run-id single",
        "mlagents_version": "0.20.0",
        "mlagents_envs_version": "0.20.0",
        "communication_protocol_version": "1.1.0",
        "tensorflow_version": "2.3.1",
        "numpy_version": "1.18.5",
        "end_time_seconds": "1602082128"
    },
    "total": 9608.898210000001,
    "count": 1,
    "self": 0.012615400002687238,
    "children": {
        "run_training.setup": {
            "total": 0.009667900000000174,
            "count": 1,
            "self": 0.009667900000000174
        },
        "TrainerController.start_learning": {
            "total": 9608.875926699999,
            "count": 1,
            "self": 21.132048199937344,
            "children": {
                "TrainerController._reset_env": {
                    "total": 15.1440306,
                    "count": 1,
                    "self": 15.1440306
                },
                "TrainerController.advance": {
                    "total": 9572.130814800063,
                    "count": 795781,
                    "self": 9.454495900276015,
                    "children": {
                        "env_step": {
                            "total": 9562.676318899787,
                            "count": 795781,
                            "self": 8193.268509899559,
                            "children": {
                                "SubprocessEnvManager._take_step": {
                                    "total": 1357.7738655998164,
                                    "count": 795781,
                                    "self": 22.0372325995761,
                                    "children": {
                                        "TFPolicy.evaluate": {
                                            "total": 1335.7366330002403,
                                            "count": 795781,
                                            "self": 1335.7366330002403
                                        }
                                    }
                                },
                                "workers": {
                                    "total": 11.633943400411457,
                                    "count": 795780,
                                    "self": 0.0,
                                    "children": {
                                        "worker_root": {
                                            "total": 9555.246054299705,
                                            "count": 795780,
                                            "is_parallel": true,
                                            "self": 2353.9440511993344,
                                            "children": {
                                                "steps_from_proto": {
                                                    "total": 0.0004828000000003385,
                                                    "count": 1,
                                                    "is_parallel": true,
                                                    "self": 0.00017580000000094742,
                                                    "children": {
                                                        "_process_vector_observation": {
                                                            "total": 0.0003069999999993911,
                                                            "count": 2,
                                                            "is_parallel": true,
                                                            "self": 0.0003069999999993911
                                                        }
                                                    }
                                                },
                                                "UnityEnvironment.step": {
                                                    "total": 7201.301520300371,
                                                    "count": 795780,
                                                    "is_parallel": true,
                                                    "self": 89.12715250050951,
                                                    "children": {
                                                        "UnityEnvironment._generate_step_input": {
                                                            "total": 182.71805869966863,
                                                            "count": 795780,
                                                            "is_parallel": true,
                                                            "self": 182.71805869966863
                                                        },
                                                        "communicator.exchange": {
                                                            "total": 6706.020963800598,
                                                            "count": 795780,
                                                            "is_parallel": true,
                                                            "self": 6706.020963800598
                                                        },
                                                        "steps_from_proto": {
                                                            "total": 223.4353452995948,
                                                            "count": 795780,
                                                            "is_parallel": true,
                                                            "self": 104.98327829905917,