{
    "name": "root",
    "gauges": {
        "Person.Policy.Entropy.mean": {
            "value": 1.3605221509933472,
            "min": 1.3604406118392944,
            "max": 1.4227160215377808,
            "count": 409
        },
        "Person.Policy.ExtrinsicValueEstimate.mean": {
            "value": 4.163355827331543,
            "min": -0.3604615330696106,
            "max": 4.163355827331543,
            "count": 409
        },
        "Person.Environment.EpisodeLength.mean": {
            "value": 29.19578313253012,
            "min": 29.19578313253012,
            "max": 999.0,
            "count": 409
        },
        "Person.Environment.CumulativeReward.mean": {
            "value": 4.851039185581437,
            "min": -5.020555873711904,
            "max": 4.851039185581437,
            "count": 409
        },
        "Person.Policy.ExtrinsicReward.mean": {
            "value": 4.851039185581437,
            "min": -5.020555873711904,
            "max": 4.851039185581437,
            "count": 409
        },
        "Person.IsTraining.mean": {
            "value": 1.0,
            "min": 1.0,
            "max": 1.0,
            "count": 409
        },
        "Person.Losses.ValueLoss.mean": {
            "value": 0.0980525016784668,
            "min": 0.011488246731460094,
            "max": 0.6613093614578247,
            "count": 199
        },
        "Person.Losses.PolicyLoss.mean": {
            "value": 0.015676820650696754,
            "min": 0.010533575899899006,
            "max": 0.023229027166962624,
            "count": 199
        },
        "Person.Policy.LearningRate.mean": {
            "value": 5.483066706801765e-05,
            "min": 5.483066706801765e-05,
            "max": 0.00029873737366870046,
            "count": 199
        },
        "Person.Policy.Epsilon.mean": {
            "value": 0.11827685683965683,
            "min": 0.11827685683965683,
            "max": 0.1995791345834732,
            "count": 199
        },
        "Person.Policy.Beta.mean": {
            "value": 0.0009220151696354151,
            "min": 0.0009220151696354151,
            "max": 0.004978997632861137,
            "count": 199
        }
    },
    "metadata": {
        "timer_format_version": "0.1.0",
        "start_time_seconds": "1594035326",
        "python_version": "3.7.7 (default, May  6 2020, 04:59:01) \n[Clang 4.0.1 (tags/RELEASE_401/final)]",
        "command_line_arguments": "/Users/ariel/anaconda3/envs/unity/bin/mlagents-learn trainer_config.yaml --run-id PlsWork --force",
        "mlagents_version": "0.17.0",
        "mlagents_envs_version": "0.17.0",
        "communication_protocol_version": "1.0.0",
        "tensorflow_version": "2.2.0",
        "end_time_seconds": "1594039587"
    },
    "total": 4260.231119165001,
    "count": 1,
    "self": 0.005120014000567608,
    "children": {
        "run_training.setup": {
            "total": 0.00704515200000011,
            "count": 1,
            "self": 0.00704515200000011
        },
        "TrainerController.start_learning": {
            "total": 4260.218953999,
            "count": 1,
            "self": 201.33870340095655,
            "children": {
                "TrainerController._reset_env": {
                    "total": 3.8904442039999996,
                    "count": 1,
                    "self": 3.8904442039999996
                },
                "TrainerController.advance": {
                    "total": 4054.873622057045,
                    "count": 541477,
                    "self": 5.997456983034681,
                    "children": {
                        "env_step": {
                            "total": 4048.8761650740103,
                            "count": 541477,
                            "self": 3677.0732910088564,
                            "children": {
                                "SubprocessEnvManager._take_step": {
                                    "total": 365.12041425402765,
                                    "count": 541477,
                                    "self": 15.774341970870694,
                                    "children": {
                                        "NNPolicy.evaluate": {
                                            "total": 349.34607228315696,
                                            "count": 512397,
                                            "self": 349.34607228315696
                                        }
                                    }
                                },
                                "workers": {
                                    "total": 6.682459811126479,
                                    "count": 541476,
                                    "self": 0.0,
                                    "children": {
                                        "worker_root": {
                                            "total": 4245.657816855942,
                                            "count": 541476,
                                            "is_parallel": true,
                                            "self": 1299.2159947409564,
                                            "children": {
                                                "run_training.setup": {
                                                    "total": 0.0,
                                                    "count": 0,
                                                    "is_parallel": true,
                                                    "self": 0.0,
                                                    "children": {
                                                        "steps_from_proto": {
                                                            "total": 0.0008257300000007461,
                                                            "count": 1,
                                                            "is_parallel": true,
                                                            "self": 0.00016140900000038982,
                                                            "children": {
                                                                "_process_vector_observation": {
                                                                    "total": 0.0006643210000003563,
                                                                    "count": 2,
                                                                    "is_parallel": true,
                                                                    "self": 0.0006643210000003563
                                                                }
                                                            }
                                                        },
                                                        "UnityEnvironment.step": {
                                                            "total": 0.020559131999999813,
                                                            "count": 1,
                                                            "is_parallel": true,
                                                            "self": 9.837399999845786e-05,
                                                            "children": {
                                                                "UnityEnvironment._generate_step_input": {
                                                                    "total": 0.00013457000000016706,
                                                                    "count": 1,
                                                                    "is_parallel": true,
                                                                    "self": 0.00013457000000016706
                                                                },
                                                                "communicator.exchange": {
                                                                    "total": 0.0201106770000008,