{
    "name": "root",
    "gauges": {
        "Person.Policy.Entropy.mean": {
            "value": -0.034508589655160904,
            "min": -0.03990193456411362,
            "max": 1.4756231307983398,
            "count": 500
        },
        "Person.Policy.ExtrinsicValueEstimate.mean": {
            "value": 1.6695607900619507,
            "min": -2.589625358581543,
            "max": 2.1810522079467773,
            "count": 500
        },
        "Person.Environment.EpisodeLength.mean": {
            "value": 218.89795918367346,
            "min": 145.07692307692307,
            "max": 999.0,
            "count": 500
        },
        "Person.Environment.CumulativeReward.mean": {
            "value": 32.25168254424115,
            "min": -665.1002169522372,
            "max": 34.65555316112081,
            "count": 500
        },
        "Person.Policy.ExtrinsicReward.mean": {
            "value": 32.25168254424115,
            "min": -665.1002169522372,
            "max": 34.65555316112081,
            "count": 500
        },
        "Person.IsTraining.mean": {
            "value": 1.0,
            "min": 1.0,
            "max": 1.0,
            "count": 500
        },
        "Person.Losses.ValueLoss.mean": {
            "value": 0.06932596117258072,
            "min": 0.002655735705047846,
            "max": 45.31727600097656,
            "count": 486
        },
        "Person.Losses.PolicyLoss.mean": {
            "value": 0.02505597658455372,
            "min": 0.019149838015437126,
            "max": 0.1385536640882492,
            "count": 486
        },
        "Person.Policy.LearningRate.mean": {
            "value": 0.0002999999560415745,
            "min": 0.0002999999560415745,
            "max": 0.0002999999560415745,
            "count": 486
        },
        "Person.Policy.Epsilon.mean": {
            "value": 0.20000006258487701,
            "min": 0.20000006258487701,
            "max": 0.20000006258487701,
            "count": 486
        },
        "Person.Policy.Beta.mean": {
            "value": 0.0010000001639127731,
            "min": 0.0010000001639127731,
            "max": 0.0010000001639127731,
            "count": 486
        }
    },
    "metadata": {
        "timer_format_version": "0.1.0",
        "start_time_seconds": "1602273176",
        "python_version": "3.8.5 (default, Sep  3 2020, 21:29:08) [MSC v.1916 64 bit (AMD64)]",
        "command_line_arguments": "C:\\Users\\geovic\\anaconda3\\envs\\unity\\Scripts\\mlagents-learn Basic.yaml --run-id crowd_pretraining --force",
        "mlagents_version": "0.20.0",
        "mlagents_envs_version": "0.20.0",
        "communication_protocol_version": "1.1.0",
        "tensorflow_version": "2.3.1",
        "numpy_version": "1.18.5",
        "end_time_seconds": "1602295576"
    },
    "total": 22399.716086200002,
    "count": 1,
    "self": 0.3210672000022896,
    "children": {
        "run_training.setup": {
            "total": 0.008080399999999877,
            "count": 1,
            "self": 0.008080399999999877
        },
        "TrainerController.start_learning": {
            "total": 22399.3869386,
            "count": 1,
            "self": 21.082772999627196,
            "children": {
                "TrainerController._reset_env": {
                    "total": 7.49329,
                    "count": 1,
                    "self": 7.49329
                },
                "TrainerController.advance": {
                    "total": 22369.193931800375,
                    "count": 632023,
                    "self": 9.744034500818088,
                    "children": {
                        "env_step": {
                            "total": 22359.449897299557,
                            "count": 632023,
                            "self": 21011.28306900116,
                            "children": {
                                "SubprocessEnvManager._take_step": {
                                    "total": 1336.109364599371,
                                    "count": 632023,
                                    "self": 27.09814249895726,
                                    "children": {
                                        "TFPolicy.evaluate": {
                                            "total": 1309.0112221004138,
                                            "count": 625055,
                                            "self": 1309.0112221004138
                                        }
                                    }
                                },
                                "workers": {
                                    "total": 12.057463699023653,
                                    "count": 632023,
                                    "self": 0.0,
                                    "children": {
                                        "worker_root": {
                                            "total": 22363.06079229908,
                                            "count": 632023,
                                            "is_parallel": true,
                                            "self": 3259.632357397655,
                                            "children": {
                                                "steps_from_proto": {
                                                    "total": 0.0016081000000003343,
                                                    "count": 1,
                                                    "is_parallel": true,
                                                    "self": 0.0002271000000000356,
                                                    "children": {
                                                        "_process_vector_observation": {
                                                            "total": 0.0013810000000002987,
                                                            "count": 4,
                                                            "is_parallel": true,
                                                            "self": 0.0013810000000002987
                                                        }
                                                    }
                                                },
                                                "UnityEnvironment.step": {
                                                    "total": 19103.426826801424,
                                                    "count": 632023,
                                                    "is_parallel": true,
                                                    "self": 83.92388799982655,
                                                    "children": {
                                                        "UnityEnvironment._generate_step_input": {
                                                            "total": 332.72413910067166,
                                                            "count": 632023,
                                                            "is_parallel": true,
                                                            "self": 332.72413910067166
                                                        },
                                                        "communicator.exchange": {
                                                            "total": 18032.299509699413,
                                                            "count": 632023,
                                                            "is_parallel": true,
                                                            "self": 18032.299509699413
                                                        },
                                                        "steps_from_proto": {
                                                            "total": 654.4792900015132,
                                                            "count": 632023,
                                                            "is_parallel": true,