{
    "name": "root",
    "gauges": {
        "Person.Policy.Entropy.mean": {
            "value": 1.372735619544983,
            "min": 1.372735619544983,
            "max": 1.4185175895690918,
            "count": 4
        },
        "Person.Policy.ExtrinsicValueEstimate.mean": {
            "value": -1.6176300048828125,
            "min": -13.700679779052734,
            "max": -1.6176300048828125,
            "count": 4
        },
        "Person.Environment.EpisodeLength.mean": {
            "value": 999.0,
            "min": 973.6078431372549,
            "max": 999.0,
            "count": 4
        },
        "Person.Environment.CumulativeReward.mean": {
            "value": -0.29227408016158735,
            "min": -1.021458471115693,
            "max": -0.16009617826330214,
            "count": 4
        },
        "Person.Policy.ExtrinsicReward.mean": {
            "value": -0.29227408016158735,
            "min": -1.021458471115693,
            "max": -0.16009617826330214,
            "count": 4
        },
        "Person.Losses.ValueLoss.mean": {
            "value": 0.10504178702831268,
            "min": 0.10504178702831268,
            "max": 30.990577697753906,
            "count": 4
        },
        "Person.Losses.PolicyLoss.mean": {
            "value": 0.024520903825759888,
            "min": 0.024520903825759888,
            "max": 0.03356454521417618,
            "count": 4
        },
        "Person.Policy.LearningRate.mean": {
            "value": 0.00019522625370882452,
            "min": 0.00019522625370882452,
            "max": 0.0002846132847480476,
            "count": 4
        },
        "Person.Policy.Epsilon.mean": {
            "value": 0.1650753915309906,
            "min": 0.1650753915309906,
            "max": 0.19487111270427704,
            "count": 4
        },
        "Person.Policy.Beta.mean": {
            "value": 0.0032572622876614332,
            "min": 0.0032572622876614332,
            "max": 0.0047440677881240845,
            "count": 4
        },
        "Person.IsTraining.mean": {
            "value": 1.0,
            "min": 1.0,
            "max": 1.0,
            "count": 4
        }
    },
    "metadata": {
        "timer_format_version": "0.1.0",
        "start_time_seconds": "1601924724",
        "python_version": "3.8.5 (default, Sep  3 2020, 21:29:08) [MSC v.1916 64 bit (AMD64)]",
        "command_line_arguments": "C:\\Users\\geovic\\anaconda3\\envs\\unity\\Scripts\\mlagents-learn Basic.yaml --run-id test4",
        "mlagents_version": "0.20.0",
        "mlagents_envs_version": "0.20.0",
        "communication_protocol_version": "1.1.0",
        "tensorflow_version": "2.3.1",
        "numpy_version": "1.18.5",
        "end_time_seconds": "1601927862"
    },
    "total": 3137.9485397999997,
    "count": 1,
    "self": 0.03268779999962135,
    "children": {
        "run_training.setup": {
            "total": 0.01335020000000009,
            "count": 1,
            "self": 0.01335020000000009
        },
        "TrainerController.start_learning": {
            "total": 3137.9025018,
            "count": 1,
            "self": 7.841528299947186,
            "children": {
                "TrainerController._reset_env": {
                    "total": 7.8000213999999986,
                    "count": 1,
                    "self": 7.8000213999999986
                },
                "TrainerController.advance": {
                    "total": 3122.1106300000533,
                    "count": 247060,
                    "self": 3.7760120001121322,
                    "children": {
                        "env_step": {
                            "total": 3118.334617999941,
                            "count": 247060,
                            "self": 2673.490160800106,
                            "children": {
                                "SubprocessEnvManager._take_step": {
                                    "total": 440.5684809998847,
                                    "count": 247060,
                                    "self": 8.624372999919672,
                                    "children": {
                                        "TFPolicy.evaluate": {
                                            "total": 431.944107999965,
                                            "count": 247031,
                                            "self": 431.944107999965
                                        }
                                    }
                                },
                                "workers": {
                                    "total": 4.275976199950433,
                                    "count": 247059,
                                    "self": 0.0,
                                    "children": {
                                        "worker_root": {
                                            "total": 3120.4611281001044,
                                            "count": 247059,
                                            "is_parallel": true,
                                            "self": 755.5151407001026,
                                            "children": {
                                                "steps_from_proto": {
                                                    "total": 0.0004904999999997273,
                                                    "count": 1,
                                                    "is_parallel": true,
                                                    "self": 0.00017649999999846955,
                                                    "children": {
                                                        "_process_vector_observation": {
                                                            "total": 0.0003140000000012577,
                                                            "count": 2,
                                                            "is_parallel": true,
                                                            "self": 0.0003140000000012577
                                                        }
                                                    }
                                                },
                                                "UnityEnvironment.step": {
                                                    "total": 2364.9454969000017,
                                                    "count": 247059,
                                                    "is_parallel": true,
                                                    "self": 26.16749169991681,
                                                    "children": {
                                                        "UnityEnvironment._generate_step_input": {
                                                            "total": 52.13235130003146,
                                                            "count": 247059,
                                                            "is_parallel": true,
                                                            "self": 52.13235130003146
                                                        },
                                                        "communicator.exchange": {
                                                            "total": 2220.2121116000603,
                                                            "count": 247059,
                                                            "is_parallel": true,
                                                            "self": 2220.2121116000603
                                                        },
                                                        "steps_from_proto": {
                                                            "total": 66.43354229999284,
                                                            "count": 247059,
                                                            "is_parallel": true,