{"count":1,"self":1716.2800128,"total":4256.5513869999995,"children":{"AgentSendState":{"count":2562001,"self":190.8590336,"total":412.93022099999996,"children":{"CollectObservations":{"count":4099208,"self":45.9951904,"total":45.995191,"children":null},"CollectDiscreteActionMasks":{"count":4099208,"self":36.278297599999995,"total":36.278299,"children":null},"AgentInfo.ToProto":{"count":4099208,"self":83.6473984,"total":139.797697,"children":{"GenerateSensorData":{"count":4099208,"self":56.150297599999995,"total":56.150299,"children":null}}}}},"DecideAction":{"count":2562001,"self":2065.3930496,"total":2065.3930029999997,"children":null},"AgentAct":{"count":2562001,"self":60.3079872,"total":60.396997,"children":{"AgentInfo.ToProto":{"count":2149,"self":0.051206999999999996,"total":0.089010999999999993,"children":{"GenerateSensorData":{"count":2149,"self":0.037804,"total":0.037804,"children":null}}}}},"AgentInfo.ToProto":{"count":34762,"self":0.934684,"total":1.5494649999999999,"children":{"GenerateSensorData":{"count":34762,"self":0.614781,"total":0.614781,"children":null}}}},"gauges":{"Person.CumulativeReward":{"count":36911,"max":4.947,"min":-6.019814,"runningAverage":4.151318,"value":4.83999968,"weightedAverage":4.84189844}},"metadata":{"timer_format_version":"0.1.0","start_time_seconds":"1594035330","unity_version":"2019.4.0f1","command_line_arguments":"\/Applications\/Unity\/Hub\/Editor\/2019.4.0f1\/Unity.app\/Contents\/MacOS\/Unity -projectpath \/Users\/ariel\/learning\/AICrowd -useHub -hubIPC -cloudEnvironment production -hubSessionId f4d2e830-bde3-11ea-9e0f-3128ad35047c -accessToken e1bw2OLdr3d_GzUN35XmkBaU06rdhcYCes8OXz3I2-g005f","communication_protocol_version":"1.0.0","com.unity.ml-agents_version":"1.0.2","scene_name":"SampleScene","end_time_seconds":"1594039586"}}