{
    "name": "root",
    "gauges": {
        "Person.Policy.Entropy.mean": {
            "value": 0.7707423567771912,
            "min": 0.7351471781730652,
            "max": 0.7826129794120789,
            "count": 33
        },
        "Person.Policy.ExtrinsicValueEstimate.mean": {
            "value": 3.283374309539795,
            "min": 3.247425079345703,
            "max": 3.6383869647979736,
            "count": 33
        },
        "Person.Environment.EpisodeLength.mean": {
            "value": 91.59633027522936,
            "min": 91.59633027522936,
            "max": 101.42857142857143,
            "count": 33
        },
        "Person.Environment.CumulativeReward.mean": {
            "value": 33.787364412237096,
            "min": 33.787364412237096,
            "max": 34.319064489007,
            "count": 33
        },
        "Person.Policy.ExtrinsicReward.mean": {
            "value": 33.787364412237096,
            "min": 33.787364412237096,
            "max": 34.319064489007,
            "count": 33
        },
        "Person.IsTraining.mean": {
            "value": 1.0,
            "min": 1.0,
            "max": 1.0,
            "count": 33
        },
        "Person.Losses.ValueLoss.mean": {
            "value": 0.05030151829123497,
            "min": 0.045106325298547745,
            "max": 2.9244327545166016,
            "count": 32
        },
        "Person.Losses.PolicyLoss.mean": {
            "value": 0.024554582312703133,
            "min": 0.019504407420754433,
            "max": 0.028325343504548073,
            "count": 32
        },
        "Person.Policy.LearningRate.mean": {
            "value": 0.0002999999560415745,
            "min": 0.0002999999560415745,
            "max": 0.0002999999560415745,
            "count": 32
        },
        "Person.Policy.Epsilon.mean": {
            "value": 0.20000006258487701,
            "min": 0.20000006258487701,
            "max": 0.20000006258487701,
            "count": 32
        },
        "Person.Policy.Beta.mean": {
            "value": 0.0010000001639127731,
            "min": 0.0010000001639127731,
            "max": 0.0010000001639127731,
            "count": 32
        }
    },
    "metadata": {
        "timer_format_version": "0.1.0",
        "start_time_seconds": "1602141168",
        "python_version": "3.8.5 (default, Sep  3 2020, 21:29:08) [MSC v.1916 64 bit (AMD64)]",
        "command_line_arguments": "C:\\Users\\geovic\\anaconda3\\envs\\unity\\Scripts\\mlagents-learn Basic.yaml --run-id evenwider --initialize-from noschedule",
        "mlagents_version": "0.20.0",
        "mlagents_envs_version": "0.20.0",
        "communication_protocol_version": "1.1.0",
        "tensorflow_version": "2.3.1",
        "numpy_version": "1.18.5",
        "end_time_seconds": "1602145230"
    },
    "total": 4062.0107905,
    "count": 1,
    "self": 0.004243099999712285,
    "children": {
        "run_training.setup": {
            "total": 0.011165199999999764,
            "count": 1,
            "self": 0.011165199999999764
        },
        "TrainerController.start_learning": {
            "total": 4061.9953822,
            "count": 1,
            "self": 10.585134499955984,
            "children": {
                "TrainerController._reset_env": {
                    "total": 8.5305547,
                    "count": 1,
                    "self": 8.5305547
                },
                "TrainerController.advance": {
                    "total": 4041.1060830000447,
                    "count": 341657,
                    "self": 4.704390499995043,
                    "children": {
                        "env_step": {
                            "total": 4036.4016925000496,
                            "count": 341657,
                            "self": 3449.5063823000396,
                            "children": {
                                "SubprocessEnvManager._take_step": {
                                    "total": 581.236309199996,
                                    "count": 341657,
                                    "self": 11.303624799979957,
                                    "children": {
                                        "TFPolicy.evaluate": {
                                            "total": 569.932684400016,
                                            "count": 338877,
                                            "self": 569.932684400016
                                        }
                                    }
                                },
                                "workers": {
                                    "total": 5.659001000014008,
                                    "count": 341656,
                                    "self": 0.0,
                                    "children": {
                                        "worker_root": {
                                            "total": 4037.649672499982,
                                            "count": 341656,
                                            "is_parallel": true,
                                            "self": 1056.0398345000335,
                                            "children": {
                                                "steps_from_proto": {
                                                    "total": 0.00046919999999950335,
                                                    "count": 1,
                                                    "is_parallel": true,
                                                    "self": 0.00017550000000010613,
                                                    "children": {
                                                        "_process_vector_observation": {
                                                            "total": 0.0002936999999993972,
                                                            "count": 2,
                                                            "is_parallel": true,
                                                            "self": 0.0002936999999993972
                                                        }
                                                    }
                                                },
                                                "UnityEnvironment.step": {
                                                    "total": 2981.6093687999482,
                                                    "count": 341656,
                                                    "is_parallel": true,
                                                    "self": 34.292232299730586,
                                                    "children": {
                                                        "UnityEnvironment._generate_step_input": {
                                                            "total": 69.53732310002992,
                                                            "count": 341656,
                                                            "is_parallel": true,
                                                            "self": 69.53732310002992
                                                        },
                                                        "communicator.exchange": {
                                                            "total": 2792.189446200109,
                                                            "count": 341656,
                                                            "is_parallel": true,
                                                            "self": 2792.189446200109
                                                        },
                                                        "steps_from_proto": {
                                                            "total": 85.59036720007866,
                                                            "count": 341656,
                                                            "is_parallel": true,