{
    "name": "root",
    "metadata": {
        "timer_format_version": "0.1.0",
        "start_time_seconds": "1601932894",
        "python_version": "3.8.5 (default, Sep  3 2020, 21:29:08) [MSC v.1916 64 bit (AMD64)]",
        "command_line_arguments": "C:\\Users\\geovic\\anaconda3\\envs\\unity\\Scripts\\mlagents-learn Basic.yaml --run-id test5",
        "mlagents_version": "0.20.0",
        "mlagents_envs_version": "0.20.0",
        "communication_protocol_version": "1.1.0",
        "tensorflow_version": "2.3.1",
        "numpy_version": "1.18.5",
        "end_time_seconds": "1601932906"
    },
    "total": 12.6203409,
    "count": 1,
    "self": 0.012852400000001651,
    "children": {
        "run_training.setup": {
            "total": 0.014343400000000006,
            "count": 1,
            "self": 0.014343400000000006
        },
        "TrainerController.start_learning": {
            "total": 12.5931451,
            "count": 1,
            "self": 0.01680969999999249,
            "children": {
                "TrainerController._reset_env": {
                    "total": 10.0392407,
                    "count": 1,
                    "self": 10.0392407
                },
                "TrainerController.advance": {
                    "total": 0.7955365000000025,
                    "count": 11,
                    "self": 0.00014820000000170808,
                    "children": {
                        "env_step": {
                            "total": 0.7953883000000008,
                            "count": 11,
                            "self": 0.4994652999999989,
                            "children": {
                                "SubprocessEnvManager._take_step": {
                                    "total": 0.2957812000000022,
                                    "count": 11,
                                    "self": 0.0003870000000070206,
                                    "children": {
                                        "TFPolicy.evaluate": {
                                            "total": 0.29539419999999517,
                                            "count": 11,
                                            "self": 0.29539419999999517
                                        }
                                    }
                                },
                                "workers": {
                                    "total": 0.00014179999999974768,
                                    "count": 10,
                                    "self": 0.0,
                                    "children": {
                                        "worker_root": {
                                            "total": 3.0857284000000043,
                                            "count": 10,
                                            "is_parallel": true,
                                            "self": 2.640745700000007,
                                            "children": {
                                                "steps_from_proto": {
                                                    "total": 0.0004913999999995866,
                                                    "count": 1,
                                                    "is_parallel": true,
                                                    "self": 0.0001829999999998222,
                                                    "children": {
                                                        "_process_vector_observation": {
                                                            "total": 0.0003083999999997644,
                                                            "count": 2,
                                                            "is_parallel": true,
                                                            "self": 0.0003083999999997644
                                                        }
                                                    }
                                                },
                                                "UnityEnvironment.step": {
                                                    "total": 0.4444912999999975,
                                                    "count": 10,
                                                    "is_parallel": true,
                                                    "self": 0.0014254999999963047,
                                                    "children": {
                                                        "UnityEnvironment._generate_step_input": {
                                                            "total": 0.002790100000002127,
                                                            "count": 10,
                                                            "is_parallel": true,
                                                            "self": 0.002790100000002127
                                                        },
                                                        "communicator.exchange": {
                                                            "total": 0.43685920000000245,
                                                            "count": 10,
                                                            "is_parallel": true,
                                                            "self": 0.43685920000000245
                                                        },
                                                        "steps_from_proto": {
                                                            "total": 0.003416499999996603,
                                                            "count": 10,
                                                            "is_parallel": true,
                                                            "self": 0.0015622999999944653,
                                                            "children": {
                                                                "_process_vector_observation": {
                                                                    "total": 0.0018542000000021375,
                                                                    "count": 20,
                                                                    "is_parallel": true,
                                                                    "self": 0.0018542000000021375
                                                                }
                                                            }
                                                        }
                                                    }
                                                }
                                            }
                                        }
                                    }
                                }
                            }
                        }
                    }
                },
                "trainer_threads": {
                    "total": 2.0800000001486296e-05,
                    "count": 1,
                    "self": 2.0800000001486296e-05,
                    "children": {
                        "thread_root": {
                            "total": 0.0,
                            "count": 0,
                            "is_parallel": true,
                            "self": 0.0,
                            "children": {
                                "trainer_advance": {
                                    "total": 0.8096031999999962,
                                    "count": 52,
                                    "is_parallel": true,
                                    "self": 0.0031246999999954284,
                                    "children": {
                                        "process_trajectory": {
                                            "total": 0.8064785000000008,
                                            "count": 52,
                                            "is_parallel": true,