{
    "name": "root",
    "metadata": {
        "timer_format_version": "0.1.0",
        "start_time_seconds": "1601932914",
        "python_version": "3.8.5 (default, Sep  3 2020, 21:29:08) [MSC v.1916 64 bit (AMD64)]",
        "command_line_arguments": "C:\\Users\\geovic\\anaconda3\\envs\\unity\\Scripts\\mlagents-learn Basic.yaml --run-id test6",
        "mlagents_version": "0.20.0",
        "mlagents_envs_version": "0.20.0",
        "communication_protocol_version": "1.1.0",
        "tensorflow_version": "2.3.1",
        "numpy_version": "1.18.5",
        "end_time_seconds": "1601933256"
    },
    "total": 342.03558860000004,
    "count": 1,
    "self": 0.004001300000027186,
    "children": {
        "run_training.setup": {
            "total": 0.010223299999999824,
            "count": 1,
            "self": 0.010223299999999824
        },
        "TrainerController.start_learning": {
            "total": 342.021364,
            "count": 1,
            "self": 0.8636484999976801,
            "children": {
                "TrainerController._reset_env": {
                    "total": 7.301672999999999,
                    "count": 1,
                    "self": 7.301672999999999
                },
                "TrainerController.advance": {
                    "total": 331.84579980000234,
                    "count": 26587,
                    "self": 0.3947272000026487,
                    "children": {
                        "env_step": {
                            "total": 331.4510725999997,
                            "count": 26587,
                            "self": 284.7160040999921,
                            "children": {
                                "SubprocessEnvManager._take_step": {
                                    "total": 46.282984600003594,
                                    "count": 26587,
                                    "self": 0.9146876000028143,
                                    "children": {
                                        "TFPolicy.evaluate": {
                                            "total": 45.36829700000078,
                                            "count": 26587,
                                            "self": 45.36829700000078
                                        }
                                    }
                                },
                                "workers": {
                                    "total": 0.45208390000395227,
                                    "count": 26586,
                                    "self": 0.0,
                                    "children": {
                                        "worker_root": {
                                            "total": 333.6541342000013,
                                            "count": 26586,
                                            "is_parallel": true,
                                            "self": 81.43384590000218,
                                            "children": {
                                                "steps_from_proto": {
                                                    "total": 0.0005059999999996734,
                                                    "count": 1,
                                                    "is_parallel": true,
                                                    "self": 0.00018339999999916756,
                                                    "children": {
                                                        "_process_vector_observation": {
                                                            "total": 0.0003226000000005058,
                                                            "count": 2,
                                                            "is_parallel": true,
                                                            "self": 0.0003226000000005058
                                                        }
                                                    }
                                                },
                                                "UnityEnvironment.step": {
                                                    "total": 252.2197822999991,
                                                    "count": 26586,
                                                    "is_parallel": true,
                                                    "self": 2.71443480000255,
                                                    "children": {
                                                        "UnityEnvironment._generate_step_input": {
                                                            "total": 5.483329900002039,
                                                            "count": 26586,
                                                            "is_parallel": true,
                                                            "self": 5.483329900002039
                                                        },
                                                        "communicator.exchange": {
                                                            "total": 236.95948099999916,
                                                            "count": 26586,
                                                            "is_parallel": true,
                                                            "self": 236.95948099999916
                                                        },
                                                        "steps_from_proto": {
                                                            "total": 7.062536599995347,
                                                            "count": 26586,
                                                            "is_parallel": true,
                                                            "self": 3.1130134999963897,
                                                            "children": {
                                                                "_process_vector_observation": {
                                                                    "total": 3.9495230999989577,
                                                                    "count": 53172,
                                                                    "is_parallel": true,
                                                                    "self": 3.9495230999989577
                                                                }
                                                            }
                                                        }
                                                    }
                                                }
                                            }
                                        }
                                    }
                                }
                            }
                        }
                    }
                },
                "trainer_threads": {
                    "total": 3.920000000334767e-05,
                    "count": 1,
                    "self": 3.920000000334767e-05,
                    "children": {
                        "thread_root": {
                            "total": 0.0,
                            "count": 0,
                            "is_parallel": true,
                            "self": 0.0,
                            "children": {
                                "trainer_advance": {
                                    "total": 332.06856270000327,
                                    "count": 21393,
                                    "is_parallel": true,
                                    "self": 1.205006700005299,
                                    "children": {
                                        "process_trajectory": {
                                            "total": 328.16830149999794,
                                            "count": 21393,
                                            "is_parallel": true,