{"cameraMode":{"drawMode":0,"name":"Shaded","section":"Shading Mode"},"sceneLighting":false,"audioPlay":false,"sceneViewState":{"showFog":true,"showMaterialUpdate":false,"showSkybox":false,"showFlares":true,"showImageEffects":true,"showParticleSystems":true},"in2DMode":false,"pivot":{"x":13.989752769470215,"y":-7.186628341674805,"z":-61.123748779296878},"rotation":{"x":0.3104753792285919,"y":0.6117429137229919,"z":-0.28337931632995608,"w":0.6702191829681397},"size":45.693443298339847,"orthographic":false}