{"cameraMode":{"drawMode":0,"name":"Shaded","section":"Shading Mode"},"sceneLighting":false,"audioPlay":false,"sceneViewState":{"showFog":true,"showMaterialUpdate":false,"showSkybox":false,"showFlares":true,"showImageEffects":true,"showParticleSystems":true},"in2DMode":false,"pivot":{"x":-8.586466789245606,"y":0.4584549069404602,"z":0.07469204068183899},"rotation":{"x":0.18411065638065339,"y":0.681452751159668,"z":-0.18331654369831086,"w":0.6842887997627258},"size":0.8728222250938416,"orthographic":false}