{"cameraMode":{"drawMode":0,"name":"Shaded","section":"Shading Mode"},"sceneLighting":false,"audioPlay":false,"sceneViewState":{"showFog":true,"showMaterialUpdate":false,"showSkybox":false,"showFlares":true,"showImageEffects":true,"showParticleSystems":true},"in2DMode":false,"pivot":{"x":21.333274841308595,"y":-40.23822784423828,"z":28.039207458496095},"rotation":{"x":0.3046616017818451,"y":0.4303479492664337,"z":-0.15701140463352204,"w":0.8351413607597351},"size":44.50230026245117,"orthographic":false}