{
    "name": "root",
    "gauges": {
        "Person.Policy.Entropy.mean": {
            "value": 1.339208722114563,
            "min": 1.3379347324371338,
            "max": 1.3637745380401611,
            "count": 144
        },
        "Person.Environment.EpisodeLength.mean": {
            "value": 372.55,
            "min": 139.14285714285714,
            "max": 610.0,
            "count": 144
        },
        "Person.Policy.ExtrinsicValueEstimate.mean": {
            "value": 0.3909406363964081,
            "min": -0.057775355875492096,
            "max": 1.0164905786514282,
            "count": 144
        },
        "Person.Environment.CumulativeReward.mean": {
            "value": 1.8818999230861664,
            "min": -0.7692002534866333,
            "max": 4.301523864269257,
            "count": 144
        },
        "Person.Policy.ExtrinsicReward.mean": {
            "value": 1.8818999230861664,
            "min": -0.7692002534866333,
            "max": 4.301523864269257,
            "count": 144
        },
        "Person.IsTraining.mean": {
            "value": 1.0,
            "min": 1.0,
            "max": 1.0,
            "count": 144
        },
        "Person.Losses.ValueLoss.mean": {
            "value": 0.12796840071678162,
            "min": 0.11185237765312195,
            "max": 0.3586236238479614,
            "count": 69
        },
        "Person.Losses.PolicyLoss.mean": {
            "value": 0.019921964034438133,
            "min": 0.011564856395125389,
            "max": 0.02144014462828636,
            "count": 69
        },
        "Person.Policy.LearningRate.mean": {
            "value": 0.00012583727948367596,
            "min": 0.00012583727948367596,
            "max": 0.00020963636052329093,
            "count": 69
        },
        "Person.Policy.Epsilon.mean": {
            "value": 0.1419457644224167,
            "min": 0.1419457644224167,
            "max": 0.1698787957429886,
            "count": 69
        },
        "Person.Policy.Beta.mean": {
            "value": 0.002103092847391963,
            "min": 0.002103092847391963,
            "max": 0.0034969502594321966,
            "count": 69
        }
    },
    "metadata": {
        "timer_format_version": "0.1.0",
        "start_time_seconds": "1594023816",
        "python_version": "3.7.7 (default, May  6 2020, 04:59:01) \n[Clang 4.0.1 (tags/RELEASE_401/final)]",
        "command_line_arguments": "/Users/ariel/anaconda3/envs/unity/bin/mlagents-learn trainer_config.yaml --run-id Parallel --resume",
        "mlagents_version": "0.17.0",
        "mlagents_envs_version": "0.17.0",
        "communication_protocol_version": "1.0.0",
        "tensorflow_version": "2.2.0",
        "end_time_seconds": "1594025415"
    },
    "total": 1598.43070008,
    "count": 1,
    "self": 0.005830495000054725,
    "children": {
        "run_training.setup": {
            "total": 0.012705519999999915,
            "count": 1,
            "self": 0.012705519999999915
        },
        "TrainerController.start_learning": {
            "total": 1598.4121640649998,
            "count": 1,
            "self": 74.50697181400756,
            "children": {
                "TrainerController._reset_env": {
                    "total": 4.259706882,
                    "count": 1,
                    "self": 4.259706882
                },
                "TrainerController.advance": {
                    "total": 1519.5154224929922,
                    "count": 183767,
                    "self": 2.1600011259909024,
                    "children": {
                        "env_step": {
                            "total": 1517.3554213670013,
                            "count": 183767,
                            "self": 1376.4732514000384,
                            "children": {
                                "SubprocessEnvManager._take_step": {
                                    "total": 138.47391650300614,
                                    "count": 183767,
                                    "self": 5.988884766984029,
                                    "children": {
                                        "NNPolicy.evaluate": {
                                            "total": 132.4850317360221,
                                            "count": 180561,
                                            "self": 132.4850317360221
                                        }
                                    }
                                },
                                "workers": {
                                    "total": 2.4082534639567594,
                                    "count": 183766,
                                    "self": 0.0,
                                    "children": {
                                        "worker_root": {
                                            "total": 1592.9854164300098,
                                            "count": 183766,
                                            "is_parallel": true,
                                            "self": 472.16385741802037,
                                            "children": {
                                                "run_training.setup": {
                                                    "total": 0.0,
                                                    "count": 0,
                                                    "is_parallel": true,
                                                    "self": 0.0,
                                                    "children": {
                                                        "steps_from_proto": {
                                                            "total": 0.0009009290000001613,
                                                            "count": 1,
                                                            "is_parallel": true,
                                                            "self": 0.000165380000001214,
                                                            "children": {
                                                                "_process_vector_observation": {
                                                                    "total": 0.0007355489999989473,
                                                                    "count": 2,
                                                                    "is_parallel": true,
                                                                    "self": 0.0007355489999989473
                                                                }
                                                            }
                                                        },
                                                        "UnityEnvironment.step": {
                                                            "total": 0.01977284300000015,
                                                            "count": 1,
                                                            "is_parallel": true,
                                                            "self": 0.00011974300000083815,
                                                            "children": {
                                                                "UnityEnvironment._generate_step_input": {
                                                                    "total": 0.00014001299999932826,
                                                                    "count": 1,
                                                                    "is_parallel": true,
                                                                    "self": 0.00014001299999932826
                                                                },
                                                                "communicator.exchange": {
                                                                    "total": 0.01922400199999963,
                                                                    "count": 1,