{
    "name": "root",
    "gauges": {
        "Person.Policy.Entropy.mean": {
            "value": 0.3052334487438202,
            "min": 0.3052334487438202,
            "max": 0.761121392250061,
            "count": 200
        },
        "Person.Policy.ExtrinsicValueEstimate.mean": {
            "value": 3.200795888900757,
            "min": 2.963507890701294,
            "max": 3.293738842010498,
            "count": 200
        },
        "Person.Environment.EpisodeLength.mean": {
            "value": 92.43809523809524,
            "min": 90.23148148148148,
            "max": 102.0204081632653,
            "count": 200
        },
        "Person.Environment.CumulativeReward.mean": {
            "value": 33.05257083801996,
            "min": 30.080823306114443,
            "max": 34.227855284237165,
            "count": 200
        },
        "Person.Policy.ExtrinsicReward.mean": {
            "value": 33.05257083801996,
            "min": 30.080823306114443,
            "max": 34.227855284237165,
            "count": 200
        },
        "Person.IsTraining.mean": {
            "value": 1.0,
            "min": 1.0,
            "max": 1.0,
            "count": 200
        },
        "Person.Losses.ValueLoss.mean": {
            "value": 0.06545862555503845,
            "min": 0.04150393605232239,
            "max": 0.6279355883598328,
            "count": 194
        },
        "Person.Losses.PolicyLoss.mean": {
            "value": 0.021776609122753143,
            "min": 0.019170481711626053,
            "max": 0.02929314784705639,
            "count": 194
        },
        "Person.Policy.LearningRate.mean": {
            "value": 0.0002999999560415745,
            "min": 0.0002999999560415745,
            "max": 0.0002999999560415745,
            "count": 194
        },
        "Person.Policy.Epsilon.mean": {
            "value": 0.20000006258487701,
            "min": 0.20000006258487701,
            "max": 0.20000006258487701,
            "count": 194
        },
        "Person.Policy.Beta.mean": {
            "value": 0.0010000001639127731,
            "min": 0.0010000001639127731,
            "max": 0.0010000001639127731,
            "count": 194
        }
    },
    "metadata": {
        "timer_format_version": "0.1.0",
        "start_time_seconds": "1602146784",
        "python_version": "3.8.5 (default, Sep  3 2020, 21:29:08) [MSC v.1916 64 bit (AMD64)]",
        "command_line_arguments": "C:\\Users\\geovic\\anaconda3\\envs\\unity\\Scripts\\mlagents-learn Basic.yaml --run-id widemulti --initialize-from evenwider",
        "mlagents_version": "0.20.0",
        "mlagents_envs_version": "0.20.0",
        "communication_protocol_version": "1.1.0",
        "tensorflow_version": "2.3.1",
        "numpy_version": "1.18.5",
        "end_time_seconds": "1602152566"
    },
    "total": 5782.9572396,
    "count": 1,
    "self": 0.3165349000000788,
    "children": {
        "run_training.setup": {
            "total": 0.013116299999999637,
            "count": 1,
            "self": 0.013116299999999637
        },
        "TrainerController.start_learning": {
            "total": 5782.627588400001,
            "count": 1,
            "self": 8.557434199877207,
            "children": {
                "TrainerController._reset_env": {
                    "total": 6.365882899999999,
                    "count": 1,
                    "self": 6.365882899999999
                },
                "TrainerController.advance": {
                    "total": 5766.121744600123,
                    "count": 266432,
                    "self": 3.977547900150057,
                    "children": {
                        "env_step": {
                            "total": 5762.144196699973,
                            "count": 266432,
                            "self": 5234.079623900253,
                            "children": {
                                "SubprocessEnvManager._take_step": {
                                    "total": 523.2239469000473,
                                    "count": 266432,
                                    "self": 10.433487699962484,
                                    "children": {
                                        "TFPolicy.evaluate": {
                                            "total": 512.7904592000848,
                                            "count": 250044,
                                            "self": 512.7904592000848
                                        }
                                    }
                                },
                                "workers": {
                                    "total": 4.840625899672338,
                                    "count": 266432,
                                    "self": 0.0,
                                    "children": {
                                        "worker_root": {
                                            "total": 5764.284957699985,
                                            "count": 266432,
                                            "is_parallel": true,
                                            "self": 1328.899331999999,
                                            "children": {
                                                "steps_from_proto": {
                                                    "total": 0.0006135999999994368,
                                                    "count": 1,
                                                    "is_parallel": true,
                                                    "self": 0.0001236999999987276,
                                                    "children": {
                                                        "_process_vector_observation": {
                                                            "total": 0.0004899000000007092,
                                                            "count": 2,
                                                            "is_parallel": true,
                                                            "self": 0.0004899000000007092
                                                        }
                                                    }
                                                },
                                                "UnityEnvironment.step": {
                                                    "total": 4435.385012099986,
                                                    "count": 266432,
                                                    "is_parallel": true,
                                                    "self": 30.671226499862314,
                                                    "children": {
                                                        "UnityEnvironment._generate_step_input": {
                                                            "total": 136.41384149987425,
                                                            "count": 266432,
                                                            "is_parallel": true,
                                                            "self": 136.41384149987425
                                                        },
                                                        "communicator.exchange": {
                                                            "total": 4171.741182400244,
                                                            "count": 266432,
                                                            "is_parallel": true,
                                                            "self": 4171.741182400244
                                                        },
                                                        "steps_from_proto": {
                                                            "total": 96.5587617000054,
                                                            "count": 266432,
                                                            "is_parallel": true,